{
  "andaman_nicobar": {
    "name": "Andaman and Nicobar Islands",
    "min_lon": 92.38143946525727,
    "max_lon": 93.9270514776929,
    "min_lat": 6.757042171233387,
    "max_lat": 13.570661922470222
  },
  "andhra_pradesh": {
    "name": "Andhra Pradesh",
    "min_lon": 76.76558360162463,
    "max_lon": 84.76811915946087,
    "min_lat": 12.62099922510388,
    "max_lat": 19.129970544663458
  },
  "arunachal_pradesh": {
    "name": "Arunachal Pradesh",
    "min_lon": 91.5670121748618,
    "max_lon": 97.37824336572235,
    "min_lat": 26.681049602925928,
    "max_lat": 29.460703914022545
  },
  "assam": {
    "name": "Assam",
    "min_lon": 89.72217687617591,
    "max_lon": 96.01486508401058,
    "min_lat": 24.134608918837415,
    "max_lat": 27.962674039637143
  },
  "bihar": {
    "name": "Bihar",
    "min_lon": 83.32824770682798,
    "max_lon": 88.28005562439827,
    "min_lat": 24.285882622842674,
    "max_lat": 27.521459069621805
  },
  "chandigarh": {
    "name": "Chandigarh",
    "min_lon": 76.70483902471668,
    "max_lon": 76.84207677254575,
    "min_lat": 30.681398664398312,
    "max_lat": 30.790651895068773
  },
  "chhattisgarh": {
    "name": "Chhattisgarh",
    "min_lon": 80.2752702674173,
    "max_lon": 84.38340350571052,
    "min_lat": 17.789517445283533,
    "max_lat": 24.10099254016958
  },
  "dadra_daman_diu": {
    "name": "Dadra and Nagar Haveli",
    "min_lon": 72.8014375085947,
    "max_lon": 73.21990014951614,
    "min_lat": 20.058623005362406,
    "max_lat": 20.474625691376865
  },
  "delhi": {
    "name": "Delhi",
    "min_lon": 76.84207677254575,
    "max_lon": 77.348281580112,
    "min_lat": 28.40178798598574,
    "max_lat": 28.861912169001734
  },
  "goa": {
    "name": "Goa",
    "min_lon": 73.67435957675339,
    "max_lon": 74.31555233300398,
    "min_lat": 14.896407856182972,
    "max_lat": 15.799848032881041
  },
  "gujarat": {
    "name": "Gujarat",
    "min_lon": 68.20959745418263,
    "max_lon": 74.46178927741201,
    "min_lat": 20.121653715364594,
    "max_lat": 24.685077119523218
  },
  "haryana": {
    "name": "Haryana",
    "min_lon": 74.48203746971465,
    "max_lon": 77.58901008859907,
    "min_lat": 27.651722536959667,
    "max_lat": 30.904107173072717
  },
  "himachal_pradesh": {
    "name": "Himachal Pradesh",
    "min_lon": 75.62493543524201,
    "max_lon": 79.01313294721878,
    "min_lat": 30.380952280054533,
    "max_lat": 33.18371785148529
  },
  "jammu_and_kashmir": {
    "name": "Jammu and Kashmir",
    "min_lon": 73.39988408109525,
    "max_lon": 76.79483099050624,
    "min_lat": 32.31809610078854,
    "max_lat": 35.141871908886685
  },
  "jharkhand": {
    "name": "Jharkhand",
    "min_lon": 83.33049750597272,
    "max_lon": 87.97183314156905,
    "min_lat": 21.981059660429228,
    "max_lat": 25.334293432545785
  },
  "karnataka": {
    "name": "Karnataka",
    "min_lon": 74.08832261938535,
    "max_lon": 78.57667191313944,
    "min_lat": 11.608305817735346,
    "max_lat": 18.44083478197284
  },
  "kerala": {
    "name": "Kerala",
    "min_lon": 74.86225352517553,
    "max_lon": 77.40227675958573,
    "min_lat": 8.292890471620105,
    "max_lat": 12.789081118443056
  },
  "ladakh": {
    "name": "Ladakh",
    "min_lon": 72.51571301721286,
    "max_lon": 80.32926544689104,
    "min_lat": 32.36641964512354,
    "max_lat": 37.05170242195307
  },
  "lakshadweep": {
    "name": "Lakshadweep",
    "min_lon": 71.73503271398847,
    "max_lon": 74.10182141425378,
    "min_lat": 11.204909273721324,
    "max_lat": 12.00119724341567
  },
  "madhya_pradesh": {
    "name": "Madhya Pradesh",
    "min_lon": 74.0680744270827,
    "max_lon": 82.81529350182751,
    "min_lat": 21.075518460064416,
    "max_lat": 26.86593968559902
  },
  "maharashtra": {
    "name": "Maharashtra",
    "min_lon": 72.64395156846298,
    "max_lon": 80.89846463050998,
    "min_lat": 15.610755902874468,
    "max_lat": 22.01887808643054
  },
  "manipur": {
    "name": "Manipur",
    "min_lon": 92.9843856360473,
    "max_lon": 94.74372856723312,
    "min_lat": 23.84676867649408,
    "max_lat": 25.615830603888902
  },
  "meghalaya": {
    "name": "Meghalaya",
    "min_lon": 89.81666844025494,
    "max_lon": 92.79315270874449,
    "min_lat": 25.031746024535266,
    "max_lat": 26.11797526023969
  },
  "mizoram": {
    "name": "Mizoram",
    "min_lon": 92.26894950802033,
    "max_lon": 93.42984586670559,
    "min_lat": 22.010473991763583,
    "max_lat": 24.51909624985078
  },
  "nagaland": {
    "name": "Nagaland",
    "min_lon": 93.33310450348182,
    "max_lon": 95.23643457993093,
    "min_lat": 25.1977268942077,
    "max_lat": 27.036122602604937
  },
  "odisha": {
    "name": "Odisha",
    "min_lon": 81.39342044235254,
    "max_lon": 87.49037612459493,
    "min_lat": 17.81472972928441,
    "max_lat": 22.546235026782206
  },
  "puducherry": {
    "name": "Puducherry",
    "min_lon": 75.52819407201824,
    "max_lon": 79.87480601965378,
    "min_lat": 10.82672501370818,
    "max_lat": 12.049520787750682
  },
  "punjab": {
    "name": "Punjab",
    "min_lon": 73.90158929037202,
    "max_lon": 76.9320687383353,
    "min_lat": 29.605674547027586,
    "max_lat": 32.57652201179752
  },
  "rajasthan": {
    "name": "Rajasthan",
    "min_lon": 69.51448095813119,
    "max_lon": 78.24145184057335,
    "min_lat": 23.060985825133432,
    "max_lat": 30.19606219738144
  },
  "sikkim": {
    "name": "Sikkim",
    "min_lon": 88.01682912446383,
    "max_lon": 88.90774958578042,
    "min_lat": 27.08234512327321,
    "max_lat": 28.10554364897544
  },
  "tamil_nadu": {
    "name": "Tamil Nadu",
    "min_lon": 76.23238120432151,
    "max_lon": 80.34051444261473,
    "min_lat": 8.078586057612656,
    "max_lat": 13.562257827803265
  },
  "telangana": {
    "name": "Telangana",
    "min_lon": 77.25603981517772,
    "max_lon": 81.32592646801037,
    "min_lat": 15.833464411548876,
    "max_lat": 19.838015520354737
  },
  "tripura": {
    "name": "Tripura",
    "min_lon": 91.1620483288088,
    "max_lon": 92.32969408492828,
    "min_lat": 22.94332849979601,
    "max_lat": 24.504389084183604
  },
  "uttar_pradesh": {
    "name": "Uttar Pradesh",
    "min_lon": 77.09630407590124,
    "max_lon": 84.63088141163179,
    "min_lat": 23.871980960494955,
    "max_lat": 30.39986149305519
  },
  "uttarakhand": {
    "name": "Uttarakhand",
    "min_lon": 77.57551129373063,
    "max_lon": 81.04245177577326,
    "min_lat": 28.710638464996475,
    "max_lat": 31.467181515758956
  },
  "west_bengal": {
    "name": "West Bengal",
    "min_lon": 85.84127335150131,
    "max_lon": 89.86166442314972,
    "min_lat": 21.562955950748027,
    "max_lat": 27.21681063794455
  }
}